<?xml version="1.0" encoding="utf-8"?>
<!--
     Copyright (C) 2013-2016 The CyanogenMod Project
               (C) 2017 The LineageOS Project
               (C) 2018 Pixel Experience

     Licensed under the Apache License, Version 2.0 (the "License");
     you may not use this file except in compliance with the License.
     You may obtain a copy of the License at

          http://www.apache.org/licenses/LICENSE-2.0

     Unless required by applicable law or agreed to in writing, software
     distributed under the License is distributed on an "AS IS" BASIS,
     WITHOUT WARRANTIES OR CONDITIONS OF ANY KIND, either express or implied.
     See the License for the specific language governing permissions and
     limitations under the License.
-->
<resources xmlns:xliff="urn:oasis:names:tc:xliff:document:1.2">
    <!-- Title and summary -->
    <string name="moto_actions_title">Moto Actions</string>

    <!-- Label for feature switch [CHAR LIMIT=30] -->
    <string name="switch_bar_on">On</string>

    <!-- Label for feature switch [CHAR LIMIT=30] -->
    <string name="switch_bar_off">Off</string>

    <!-- Camera gesture -->
    <string name="camera_gesture_title">Double-twist</string>
    <string name="camera_gesture_summary">Open camera when using the double twist gesture</string>

    <!-- Chop-chop gesture -->
    <string name="chop_chop_gesture_title">Chop-chop</string>
    <string name="chop_chop_gesture_summary">Toggle flashlight when using the chop-chop gesture</string>

    <!-- Hand wave silencer gesture -->
    <string name="hand_wave_silencer_title">Wave to silence</string>
    <string name="hand_wave_silencer_summary">Silence incoming calls by waving your hand across the screen</string>

    <!-- Hand wave gesture -->
    <string name="hand_wave_gesture_title">Hand wave</string>
    <string name="hand_wave_gesture_summary">Pulse notifications on hand wave</string>

    <!-- Flip to mute gesture -->
    <string name="flip_to_mute_title">Flip for Do Not Disturb</string>
    <string name="flip_to_mute_summary">Place the phone face down to silence notifications and calls</string>
    
    <!-- Lift to silence gesture -->
    <string name="lift_to_silence_title">Pick up to stop ringing</string>
    <string name="lift_to_silence_summary">Lift the phone to silence incoming calls. It only works when your phone starts flat</string>

    <!-- Pick-up gesture -->
    <string name="pick_up_gesture_title">Pick-up</string>
    <string name="pick_up_gesture_summary">Pulse notifications on pick-up</string>

    <!-- Device gestures panel -->
    <string name="screen_gestures_panel_title">Gestures</string>

    <!-- Device gestures -->
    <string name="device_gestures_title">Device gestures</string>
    <string name="device_gestures_summary">Manage device gestures</string>

    <!-- Ambient display gestures -->
    <string name="ambient_display_title">Ambient display</string>
    <string name="ambient_display_manage_summary">Manage ambient display gestures</string>

    <!-- Fingerprint gestures -->
    <string name="fingerprint_gestures_title">Fingerprint gestures</string>
    <string name="fingerprint_gestures_summary">Use fingerprint gestures</string>
    <string name="fingerprint_gestures_manage_summary">Manage fingerprint gestures</string>
    <string name="fingerprint_actions_screenon">Actions with screen on</string>
    <string name="fingerprint_tap_title">Single tap</string>
    <string name="fingerprint_tap_dlg_title">Select action for single tap</string>
    <string name="fingerprint_double_tap_title">Double tap</string>
    <string name="fingerprint_double_tap_dlg_title">Select action for double tap</string>
    <string name="fingerprint_long_tap_title">Long tap</string>
    <string name="fingerprint_long_tap_dlg_title">Select action for long tap</string>
    <string name="fingerprint_swipe_left_title">Swipe left</string>
    <string name="fingerprint_swipe_left_dlg_title">Select action for swipe left</string>
    <string name="fingerprint_swipe_right_title">Swipe right</string>
    <string name="fingerprint_swipe_right_dlg_title">Select action for swipe right</string>

    <!-- Fingerprint gestures screen off -->
    <string name="fingerprint_gestures_screenoff_title">Fingerprint gestures when screen off</string>
    <string name="fingerprint_gestures_screenoff_summary">Use fingerprint gestures when screen off.\n\nFingerprint unlocking must be disabled to use this feature.</string>
    <string name="fingerprint_actions_screenoff">Actions with screen off</string>

    <!-- Actions -->
    <string name="action_none">None</string>
    <string name="action_home">Home</string>
    <string name="action_power">Screen on/off</string>
    <string name="action_wake">Wake</string>
    <string name="action_back">Back</string>
    <string name="action_recents">Recents</string>
    <string name="action_last_app">Last app</string>
    <string name="action_volume_up">Volume up</string>
    <string name="action_volume_down">Volume down</string>
    <string name="action_voice_assistant">Voice assistant</string>
    <string name="action_play_pause">Play/pause</string>
    <string name="action_previous_track">Previous track</string>
    <string name="action_next_track">Next track</string>
    <string name="action_flashlight">Flashlight on/off</string>
    <string name="action_camera">Open camera</string>
    <string name="action_screenshot">Take screenshot</string>
    <string name="action_browser">Open browser</string>
    <string name="action_dialer">Open dialer</string>
    <string name="action_email">Open email app</string>
    <string name="action_messages">Open messages app</string>

    <!-- Screen off gestures -->
    <string name="screen_off_gestures_title">Screen off gestures</string>
    <string name="screen_off_gestures_manage_summary">Manage gestures when screen is off</string>
    <string name="screen_off_gestures_swipe_left_title">Swipe left</string>
    <string name="screen_off_gestures_swipe_left_dlg_title">Select action for swipe left</string>
    <string name="screen_off_gestures_swipe_right_title">Swipe right</string>
    <string name="screen_off_gestures_swipe_right_dlg_title">Select action for swipe right</string>
    <string name="screen_off_gestures_swipe_up_title">Swipe up</string>
    <string name="screen_off_gestures_swipe_up_dlg_title">Select action for swipe up</string>
    <string name="screen_off_gestures_swipe_down_title">Swipe down</string>
    <string name="screen_off_gestures_swipe_down_dlg_title">Select action for swipe down</string>

    <!-- Double tap to wake -->
    <string name="tap_to_wake">Tap to wake</string>
    <string name="tap_to_wake_summary">Double-tap anywhere on the screen to wake device</string>

    <!-- Screen off gestures haptic feedback -->
    <string name="haptic_feedback">Haptic feedback</string>
    <string name="haptic_feedback_summary">Vibrate when a touchscreen gesture is detected</string>
   
    <!-- Proximity sensor -->
    <string name="allow_proximity_sensor_title">Allow proximity sensor</string>
    <string name="allow_proximity_sensor_summary">Check the proximity sensor before performing the action</string>

    <!-- Title text for double tap power for camera [CHAR LIMIT=60]-->
    <string name="double_tap_power_for_camera_title" translatable="false">Jump to camera</string>

    <!-- Summary text for double tap power for camera [CHAR LIMIT=160]-->
    <string name="double_tap_power_for_camera_summary" translatable="false">To quickly open camera, press the power button twice. Works from any screen.</string>

    <!-- Restart device -->
    <string name="restart_needed">The device must be restarted to apply the settings, restart now?</string>

</resources>
